DATE,TIME_M,EX,BID,BIDSIZ,ASK,ASKSIZ,QU_COND,QU_SEQNUM,NATBBO_IND,QU_CANCEL,QU_SOURCE,SYM_ROOT,SYM_SUFFIX
2025-02-03,09:30:00.123456789,Q,199.0,100,201.0,100,R,1,O,,S,MERGE,A
2025-02-03,09:30:00.123456789,Q,199.0,100,201.0,100,R,2,O,,S,MERGE,A
2025-02-03,09:30:00.123456789,Q,199.0,100,201.0,100,R,3,O,,S,MERGE,B
2025-02-03,09:30:00.123456789,Q,199.0,100,201.0,100,R,4,O,,S,SAME,A
2025-02-03,09:30:00.123456789,Q,199.0,100,201.0,100,R,5,O,,S,SAME,A
2025-02-03,09:30:00.123456789,Q,199.0,100,201.0,100,R,6,O,,S,DIFF,A
2025-02-03,09:30:00.123456789,Q,199.0,100,201.0,100,R,7,O,,S,merge,A
"2025-02-03","09:30:00.123456789","Q","199.0","100","201.0","100","R","8","O","","S","EMPTY",""
2025-02-03,09:30:00.123456789,Q,199.0,100,201.0,100,R,9,O,,S,EMPTY,
2025-02-03,09:30:00.123456789,Q,199.0,100,201.0,100,R,10,O,,S,EMPTY,NULL
2025-02-03,09:30:00.123456789,Q,199.0,100,201.0,100,R,11,O,,S,MERGE,a
2025-02-03,09:30:00.123456789,Q,199.0,100,201.0,100,R,12,O,,S,,A
,09:30:00.123456789,Q,199.0,100,201.0,100,R,13,O,,S,MERGE,Z
2025-02-03,09:30:00.123456789,Q,,100,,100,R,14,O,,S,VALUE-EMPTY,P
2025-02-03,,Q,199.0,100,201.0,100,R,15,O,,S,TIME-EMPTY,T
2025-02-03,09:30:00.123456789,Q,199.0,100,201.0,100,R,16,O,,S,ZERO,Z
