DATE,TIME_M,EX,SYM_ROOT,SYM_SUFFIX,TR_SCOND,SIZE,PRICE,TR_STOPIND,TR_CORR,TR_SEQNUM,TR_SOURCE,TR_RF
2025-02-03,09:30:00.123456789,Q,MERGE,A,@,100,200.0,N,00,1,S,
2025-02-03,09:30:00.123456789,Q,MERGE,A,@,100,200.0,N,00,2,S,
2025-02-03,09:30:00.123456789,Q,MERGE,B,@,100,200.0,N,00,3,S,
2025-02-03,09:30:00.123456789,Q,SAME,A,@,100,200.0,N,00,4,S,
2025-02-03,09:30:00.123456789,Q,SAME,A,@,100,200.0,N,00,5,S,
2025-02-03,09:30:00.123456789,Q,DIFF,A,@,100,200.0,N,00,6,S,
2025-02-03,09:30:00.123456789,Q,merge,A,@,100,200.0,N,00,7,S,
"2025-02-03","09:30:00.123456789","Q","EMPTY","","@","100","200.0","N","00","8","S",""
2025-02-03,09:30:00.123456789,Q,EMPTY,,@,100,200.0,N,00,9,S,
2025-02-03,09:30:00.123456789,Q,EMPTY,NULL,@,100,200.0,N,00,10,S,
2025-02-03,09:30:00.123456789,Q,MERGE,a,@,100,200.0,N,00,11,S,
2025-02-03,09:30:00.123456789,Q,,A,@,100,200.0,N,00,12,S,
,09:30:00.123456789,Q,MERGE,Z,@,100,200.0,N,00,13,S,
2025-02-03,09:30:00.123456789,Q,VALUE-EMPTY,P,@,100,,N,00,14,S,
2025-02-03,,Q,TIME-EMPTY,T,@,100,200.0,N,00,15,S,
2025-02-03,09:30:00.123456789,Q,ZERO,Z,@,100,0,N,99,16,S,
